﻿이름,크기 기준,설명
sm,min-width: 640px,화면 너비가 640px 이상일 때 적용. 작은 태블릿 및 모바일에 사용.
md,min-width: 768px,화면 너비가 768px 이상일 때 적용. 중간 크기 태블릿과 작은 랩탑에 사용.
2xl,min-width: 1536px,화면 너비가 1536px 이상일 때 적용. 초대형 화면(대형 모니터)에 사용.
xl,min-width: 1280px,화면 너비가 1280px 이상일 때 적용. 큰 데스크톱 화면에 사용.
lg,min-width: 1024px,화면 너비가 1024px 이상일 때 적용. 일반적인 랩탑 및 데스크톱에 사용.