﻿코드,기능
fixed,화면의 뷰포트를 기준으로 위치를 고정합니다.
mt-6,위쪽 여백을 1.5rem(24px)으로 설정합니다.
pt-8,위쪽 여백을 2rem(32px)으로 설정합니다.
space-y-4,요소 간의 수직 간격을 1rem(16px)으로 설정합니다.
clear-both,이전의 부동 요소를 정리합니다.
w-64,요소의 너비를 16rem(256px)로 설정합니다.
h-full,부모 컨테이너의 100% 높이를 설정합니다.
ease-in-out,전환 효과를 부드럽게 설정합니다.
transition-transform,변환 효과에 전환을 추가합니다.
transform,요소에 변환 속성을 적용합니다(예: 이동).
text-2xl,텍스트 크기를 1.5rem(24px)로 설정합니다.
hover:border-blue-500,마우스를 올리면 테두리 색상을 파란색으로 변경합니다.
rounded-md,요소의 모서리를 둥글게 설정합니다.
border,요소 주변에 테두리를 추가합니다.
ml-8,왼쪽 여백을 2rem(32px)로 설정합니다.
py-1,세로 여백을 0.25rem(4px)로 설정합니다.
px-3,가로 여백을 0.75rem(12px)로 설정합니다.
duration-300,전환 지속 시간을 300ms로 설정합니다.
transition,호버 효과를 위한 부드러운 전환을 추가합니다.
hover:text-blue-600,마우스를 올리면 텍스트 색상을 파란색으로 변경합니다.
text-lg,텍스트 크기를 1.125rem(18px)로 설정합니다.
gap-8,요소 사이의 간격을 2rem(32px)으로 설정합니다.
flex-1,Flex 컨테이너가 사용 가능한 모든 공간을 차지하도록 설정합니다.
lg:flex,큰 화면에서 요소를 Flexbox로 표시합니다.
hidden,요소를 숨깁니다.
lg:mr-8,큰 화면에서 오른쪽 여백을 2rem(32px)로 추가합니다.
lg:ml-12,큰 화면에서 왼쪽 여백을 3rem(48px)로 추가합니다.
font-bold,글씨를 굵게 설정합니다.
lg:text-2xl,큰 화면에서 텍스트 크기를 1.5rem(24px)로 늘립니다.
text-xl,텍스트 크기를 1.25rem(20px)로 설정합니다.
items-center,자식 요소를 세로로 중앙 정렬합니다.
justify-between,자식 요소 사이에 균등한 간격을 줍니다.
flex,요소를 Flexbox 레이아웃으로 설정합니다.
mx-auto,부모 안에서 가로로 중앙 정렬합니다.
container,중앙 정렬된 콘텐츠와 최대 너비의 컨테이너를 설정합니다.
z-50,z-index를 50으로 설정하여 레이어 우선순위를 높입니다.
shadow-lg,요소에 큰 그림자를 추가하여 입체감을 줍니다.
p-4,1rem(16px)의 여백을 추가합니다.
text-black,텍스트 색상을 검정색으로 설정합니다.
bg-white,배경색을 흰색으로 설정합니다.
w-full,요소의 너비를 부모 컨테이너의 100%로 설정합니다.
left-0,요소를 왼쪽에 배치합니다.
top-0,요소를 상단에 배치합니다.